listed_name,source,website,domain,industry,city,state,employees,founded,owner_name,owner_title,public_phone,description,signal,is_franchise,email,direct_phone,linkedin,owner_tenure
Same-Day Coil HVAC,Google Maps,https://samedaycoil.example,samedaycoil.example,HVAC,Austin,TX,3,2024,,,5125550101,A two-truck install crew that opened last year.,,false,,,,
Northwind Software,Google Maps,https://northwindsoftware.example,northwindsoftware.example,Software,Austin,TX,40,2022,Priya Shah,Founder,5125550102,B2B analytics product. Not an acquisition-target trade.,"Subscription software, not a route or service book.",false,,,,
ServRight of Plano,Google Maps,https://servrightplano.example,servrightplano.example,Electrical,Plano,TX,15,2012,,,9725550103,National franchise territory. The brand owner controls a transfer.,,true,,,,
Gulfspan Parts,Google Maps,https://gulfspanparts.example,gulfspanparts.example,Specialty Manufacturing,Houston,TX,420,1988,Helen Cho,CEO,7135550104,Regional manufacturer well above a self-funded search box.,Professional management team already in place.,false,,,,
Elm Street Roofing,Google Maps,,,Roofing,Dallas,TX,,,,,,"Name only. No phone, site, or owner.",,false,,,,
Sparkle Office Group,Google Maps,https://sparkleoffice.example,sparkleoffice.example,Commercial Cleaning,Atlanta,GA,90,2010,Andre Wells,Owner,4045550106,"Janitorial routes, larger than the headcount band.",,false,,,,
Cedar Pine IT,Google Maps,https://cedarpineit.example,cedarpineit.example,IT Managed Services,Charlotte,NC,6,2021,Chris Dalton,Owner,7045550107,"Small MSP, younger than the operating minimum.",,false,,,,
Lot 4 Heating,Google Maps,,,HVAC,Houston,TX,,,,,call the shop,A maps pin with no owner and no headcount.,,false,,,,
Bramble Comfort Heating & Air LLC,Industry Directory,https://bramblecomfort.example,bramblecomfort.example,HVAC,Austin,TX,,,,,5125550142,,,false,,,,
Bramble Comfort Htg & Air,State Registry,https://bramblecomfort.example,bramblecomfort.example,HVAC,Austin,TX,22,,,,5125550142,,,false,,,,
Redbird Air Mech LLC,State Registry,https://redbirdair.example,redbirdair.example,HVAC,Dallas,TX,,,,,2145550160,,,false,,,,
Cinder Electric Co,Industry Directory,https://cinderelectric.example,cinderelectric.example,Electrical,Raleigh,NC,,,,,9195550133,,,false,,,,
Sunrise Solar Co,Google Maps,https://sunrisesolar.example,sunrisesolar.example,Solar,Phoenix,AZ,28,2018,Maya Ortiz,Owner,4805550109,,,false,,,,
Kids First Dental,Google Maps,https://kidsfirstdental.example,kidsfirstdental.example,Dental,Atlanta,GA,18,2009,Dr. Ellen Park,Owner,4045550110,,,false,,,,
Metro Desk Staffing,Google Maps,https://metrodesk.example,metrodesk.example,Staffing,Dallas,TX,60,2014,Jon Ellis,President,2145550111,,,false,,,,
Pioneer Lane Logistics,Google Maps,https://pioneerlane.example,pioneerlane.example,Trucking,Charlotte,NC,110,2001,Ruth Keller,Owner,7045550112,,,false,,,,
Main Street Mutual,Google Maps,https://mainstreetmutual.example,mainstreetmutual.example,Insurance,Nashville,TN,22,2006,Paul Iverson,Owner,6155550113,,,false,,,,
Cloudline Analytics,Google Maps,https://cloudlineanalytics.example,cloudlineanalytics.example,Software,Austin,TX,6,2023,Nina Patel,Founder,5125550114,,,false,,,,
Evergreen Basket Nursery,Google Maps,https://evergreenbasket.example,evergreenbasket.example,Retail,Scottsdale,AZ,11,2015,Sam Ortega,Owner,4805550115,,,false,,,,
Paint Pros of Orlando,Google Maps,https://paintprosorlando.example,paintprosorlando.example,Painting,Orlando,FL,14,2013,,,4075550116,Franchise painting territory.,,true,,,,
Bramble Comfort HVAC,Google Maps,https://bramblecomfort.example,bramblecomfort.example,HVAC,Austin,TX,22,2004,Dana Ruiz,Owner,5125550142,Bramble Comfort HVAC is an owner-operated HVAC company in Austin.,What stood out is the maintenance-agreement book across Travis County. That repeat work is what I look for.,false,dana.ruiz@bramblecomfort.example,5125550145,https://www.linkedin.com/in/dana-ruiz-demo,19
Redbird Air Mechanical,Google Maps,https://redbirdair.example,redbirdair.example,HVAC,Dallas,TX,31,1999,Carl Bennett,President,2145550160,Redbird Air Mechanical is an owner-operated HVAC company in Dallas.,"What stood out is the commercial service contracts in Dallas, rather than one-off new construction.",false,carl.bennett@redbirdair.example,2145550163,https://www.linkedin.com/in/carl-bennett-demo,24
Cinder Electric,Google Maps,https://cinderelectric.example,cinderelectric.example,Electrical,Raleigh,NC,27,1996,Malcolm Reeves,Owner,9195550133,Cinder Electric is an owner-operated electrical company in Raleigh.,What stood out is the service work for light industrial tenants around Research Triangle.,false,malcolm.reeves@cinderelectric.example,9195550136,https://www.linkedin.com/in/malcolm-reeves-demo,27
Lantern Plumbing,Google Maps,https://lanternplumbing.example,lanternplumbing.example,Plumbing,Atlanta,GA,19,2003,Anita Brooks,Owner,4045550118,Lantern Plumbing is an owner-operated plumbing company in Atlanta.,What stood out is the commercial service agreements with property managers inside the perimeter.,false,anita.brooks@lanternplumbing.example,4045550111,https://www.linkedin.com/in/anita-brooks-demo,20
Mesquite Shade Pest,Google Maps,https://mesquiteshade.example,mesquiteshade.example,Pest Control,Tucson,AZ,16,2008,Elena Vazquez,Owner,5205550184,Mesquite Shade Pest is an owner-operated pest control company in Tucson.,What stood out is the residential route density on the east side of Tucson.,false,elena.vazquez@mesquiteshade.example,5205550187,https://www.linkedin.com/in/elena-vazquez-demo,15
Tideflat Grounds,Google Maps,https://tideflatgrounds.example,tideflatgrounds.example,Commercial Landscaping,Tampa,FL,24,2001,Patrick Hale,Owner,8135550127,Tideflat Grounds is an owner-operated commercial landscaping company in Tampa.,"What stood out is the HOA and office-park maintenance contracts, which renew.",false,patrick.hale@tideflatgrounds.example,8135550120,https://www.linkedin.com/in/patrick-hale-demo,22
Kiln Electric,Google Maps,https://kilnelectric.example,kilnelectric.example,Electrical,Charlotte,NC,29,1994,Ruth Keller,President,7045550190,Kiln Electric is an owner-operated electrical company in Charlotte.,"What stood out is the service book with regional manufacturers, not bid-only construction.",false,ruth.keller@kilnelectric.example,7045550193,https://www.linkedin.com/in/ruth-keller-demo,28
Copperline Plumbing,Google Maps,https://copperlineplumbing.example,copperlineplumbing.example,Plumbing,Nashville,TN,18,2006,Chris Dalton,Owner,6155550144,Copperline Plumbing is an owner-operated plumbing company in Nashville.,What stood out is the mix of service calls and small commercial retrofits.,false,chris.dalton@copperlineplumbing.example,6155550147,https://www.linkedin.com/in/chris-dalton-demo,17
Arroyo Air Systems,Google Maps,https://arroyoair.example,arroyoair.example,HVAC,Scottsdale,AZ,21,2002,Megan Cho,Owner,4805550171,Arroyo Air Systems is an owner-operated HVAC company in Scottsdale.,What stood out is the maintenance base with medical offices in Scottsdale.,false,megan.cho@arroyoair.example,4805550174,https://www.linkedin.com/in/megan-cho-demo,21
Bracket Fire Protection,Google Maps,https://bracketfire.example,bracketfire.example,Fire Protection,Greensboro,NC,17,2005,Andre Wallace,Owner,3365550108,Bracket Fire Protection is an owner-operated fire protection company in Greensboro.,What stood out is the inspection contracts. Those visits already put a technician on site every quarter.,false,andre.wallace@bracketfire.example,3365550101,https://www.linkedin.com/in/andre-wallace-demo,18
Limestone Plumbing,Google Maps,https://limestoneplumbing.example,limestoneplumbing.example,Plumbing,San Antonio,TX,14,2009,Rosa Nguyen,Owner,2105550166,Limestone Plumbing is an owner-operated plumbing company in San Antonio.,What stood out is the owner still running the service desk.,false,rosa.nguyen@limestoneplumbing.example,2105550169,https://www.linkedin.com/in/rosa-nguyen-demo,14
Stockyard Electrical,Google Maps,https://stockyardelectrical.example,stockyardelectrical.example,Electrical,Fort Worth,TX,33,1997,Paul Iverson,President,8175550122,Stockyard Electrical is an owner-operated electrical company in Fort Worth.,What stood out is the industrial service work along the I-35 corridor.,false,paul.iverson@stockyardelectrical.example,8175550125,https://www.linkedin.com/in/paul-iverson-demo,26
Bayou Relay Mechanical,Google Maps,https://bayourelay.example,bayourelay.example,HVAC,Houston,TX,26,2000,Janelle Ford,Owner,7135550188,Bayou Relay Mechanical is an owner-operated HVAC company in Houston.,What stood out is the planned-maintenance book with mid-size warehouses.,false,janelle.ford@bayourelay.example,7135550181,https://www.linkedin.com/in/janelle-ford-demo,23
Grove Circuit Electric,Google Maps,https://grovecircuit.example,grovecircuit.example,Electrical,Orlando,FL,23,2004,Marco Diaz,Owner,4075550139,Grove Circuit Electric is an owner-operated electrical company in Orlando.,"What stood out is the recurring work for hospitality back-of-house, not ground-up builds.",false,marco.diaz@grovecircuit.example,4075550132,https://www.linkedin.com/in/marco-diaz-demo,19
Marshlight Pest,Google Maps,https://marshlightpest.example,marshlightpest.example,Pest Control,Savannah,GA,12,2011,Helen Marsh,Owner,9125550155,Marshlight Pest is an owner-operated pest control company in Savannah.,What stood out is a dense residential route the owner still knows by street.,false,helen.marsh@marshlightpest.example,9125550158,https://www.linkedin.com/in/helen-marsh-demo,12
Capitol Wren Plumbing,Google Maps,https://capitolwren.example,capitolwren.example,Plumbing,Austin,TX,20,2007,Brian Cole,Owner,5125550194,Capitol Wren Plumbing is an owner-operated plumbing company in Austin.,What stood out is the service agreements with small apartment owners in central Austin.,false,info@capitolwren.example,5125550197,https://www.linkedin.com/in/brian-cole-demo,16
Saltflat HVAC,Google Maps,https://saltflathvac.example,saltflathvac.example,HVAC,El Paso,TX,15,2008,Luis Romero,Owner,9155550112,Saltflat HVAC is an owner-operated HVAC company in El Paso.,"What stood out is a steady replacement-and-service mix, with the owner still on the trucks some weeks.",false,luis.romero@@saltflathvac.example,9155550115,https://www.linkedin.com/in/luis-romero-demo,15
Keystone Relay Electric,Google Maps,https://keystonerelay.example,keystonerelay.example,Electrical,Dallas,TX,25,2001,,,2145550177,Electrical contractor with a complete public listing except the owner's name.,"The service area is Dallas commercial, but the listing never names the owner.",false,,,,
Thistle Roofing,Google Maps,https://thistleroofing.example,thistleroofing.example,Roofing,Waco,TX,16,2011,Owen Blake,Owner,2545550148,Thistle Roofing is an owner-operated roofing company in Waco.,What stood out is the storm-restoration plus a smaller maintenance book for churches and schools.,false,owen.blake@thistleroofing.example,2545550141,https://www.linkedin.com/in/owen-blake-demo,12
Jasper Coast Pest,Google Maps,https://jaspercoast.example,jaspercoast.example,Pest Control,Charleston,SC,18,2008,Nora Blake,Owner,8435550164,Jasper Coast Pest is an owner-operated pest control company in Charleston.,What stood out is a coastal route with annual contracts. South Carolina is just outside the current state list.,false,nora.blake@jaspercoast.example,8435550167,https://www.linkedin.com/in/nora-blake-demo,15
Ferry Street Plumbing,Google Maps,https://ferrystreetplumbing.example,ferrystreetplumbing.example,Plumbing,Oakland,CA,18,2001,Luis Ortega,Owner,5105550177,Ferry Street Plumbing is an owner-operated plumbing company in Oakland.,What stood out is a long-running service company. California is outside the current state list.,false,luis.ortega@ferrystreetplumbing.example,5105550170,https://www.linkedin.com/in/luis-ortega-demo,22
Anvil Oak Fabrication,Google Maps,https://anviloak.example,anviloak.example,Specialty Manufacturing,Chattanooga,TN,40,1998,Irene Walsh,President,4235550182,Anvil Oak Fabrication is an owner-operated specialty manufacturing company in Chattanooga.,What stood out is a job shop with repeat industrial customers. Manufacturing is not in the current buy box.,false,irene.walsh@anviloak.example,4235550185,https://www.linkedin.com/in/irene-walsh-demo,25
